InvoiceNo,StockCode,Description,Quantity,InvoiceDate,UnitPrice,CustomerID,Country
INV001,71053,Notebook,8,2025-03-01 09:00:00,2.5,C001,China
INV001,00123,Pencil,12,2025-03-01 09:00:00,0.8,C001,China
INV002,A100,Mug,3,2025-03-02 10:30:00,5.5,C002,China
INV003,71053,Notebook,6,2025-03-03 11:15:00,2.5,C003,China
INV003,00123,Pencil,5,2025-03-03 11:15:00,0.8,C003,China
INV004,B205,Ruler,10,2025-03-04 14:20:00,1.5,C004,China
INV005,C310,Storage Box,2,2025-03-05 15:40:00,8,C005,China
INV006,00007,Eraser,20,2025-03-06 09:45:00,0.6,C006,China
INV007,A100,Mug,4,2025-03-07 12:10:00,5.5,C002,China
INV008,71053,Notebook,9,2025-03-08 16:00:00,2.5,C007,China
INV009,D420,Folder,7,2025-03-09 10:00:00,2,C008,China
INV010,B205,Ruler,4,2025-03-10 13:30:00,1.5,C004,China
